USE `urban_routes` ;

INSERT INTO `user` (`id`, `name`, `email`, `imagen`, `password`, `reference`, `is_active`) VALUES 
    (1, 'Brian', '123@abc.com', '', '1234', '12345678', '1'),
    (2, 'Geraldin', 'geraldin@correo.com', '', '1234', '12345671', '1'),
    (3, 'Aaron', 'aaron@correo.com', '', '1234', '12345672', '1'),
    (4, 'Fernando', 'fernando@correo.com', '', '1234', '12345673', '1'),
    (5, 'Luis', 'luis@correo.com', '', '1234', '12345674', '1'),
    (6, 'Armando', 'armando@correo.com', '', '1234', '12345675', '1')
;

    
INSERT INTO `transport` (`id`, `id_type_of_transport`, `id_line_of_transport`, `frequency`, `name`, `imagen`, `origin`, `destination`) VALUES 
    (1, '1', '1', '20', 'Calpulalpan - Apizaco', '', 'Calpulalpan', 'Apizaco'),
    (2, '1', '1', '25', 'Apizaco - Tlaxcala', '', 'Apizaco', 'Tlaxcala'),
    (3, '1', '1', '30', 'Nanacamilpa - Tlaxcala', '', 'Nanacamilpa', 'Tlaxcala'),
    (4, '1', '1', '30', 'Nanacamilpa - Calpulalpan', '', 'Nanacamilpa', 'Calpulalpan'),
    (5, '1', '7', '15', 'Apizaco - Tetla', '', 'Apizaco', 'Tetla'),
    (6, '1', '7', '30', 'Apizaco - Coporo', '', 'Apizaco', 'Coporo'),
    (7, '1', '7', '30', 'Apizaco - Flores', '', 'Apizaco', 'Flores'),
    (8, '5', '2', '20', 'Apizaco - Tlaxcala', '', 'Apizaco', 'Tlaxcala')
;


-- Bases 
INSERT INTO `stop` (`id`, `id_municipalities`, `latitude`, `longitude`, `name`, `imagen`) VALUES 
    -- Calpulalpan - Apizaco
    (1,  6, '19.58569482681491', '-98.56612045355924', 'la glorieta', ''),
    (2,  6, '19.590059651663207', '-98.55623741235102', 'goodyear', ''),
    (3,  6, '19.583318743426126', '-98.53676197804252', 'hospital general de calpulalpan', ''),
    (4,  6, '19.568616484193765', '-98.50614127372214', 'san jose', ''),
    (5, 21, '19.528028911216445', '-98.48128959045366', 'madero / cbta 162', ''),
    (6, 21, '19.51968004294305', '-98.47552846325945', 'domingo arenas', ''),
    (7, 20, '19.513669476016034', '-98.46259716370032', 'sanctorum', ''),
    (8, 14, '19.503473153068928', '-98.39517413411234', 'colonia adolfo lopez mateos', ''),
    (9, 14, '19.485281047210094', '-98.37345646754277', 'recoba', ''),
    (10, 14, '19.46926490683652', '-98.34702903608117', 'hueyotlipan', ''),
    (11, 14, '19.476366065304553', '-98.3090865702999', 'santiago tlalpan', ''),
    (12, 14, '19.482067187260565', '-98.2928777487693', 'san simeon ximetzingo', ''),
    (13, 40, '19.421638510089895', '-98.21192822766295', 'xaltocan', ''),
    (14, 43, '19.38750835207665', '-98.17792334147524', 'paradero la y', ''),
    (15,  5, '19.415226799693915', '-98.15951384562182', 'aurrera', ''),
    (16,  5, '19.416062911899722', '-98.14815193021263', 'michelin', ''),
    (17,  5, '19.414565694806264', '-98.14472942428723', 'higienicos aneks', ''),
    (18,  5, '19.412077269534358', '-98.1431454812659', 'atha', ''),
    -- Nanacamilpa - Madero
    (19, 21, '19.49064476415143', '-98.53913766378534', 'Central Nanacamilpa', ''),
    (20, 21, '19.492583284765676', '-98.53762268141651', 'Cuatro vientos', ''),
    (21, 21, '19.49289063950399', '-98.53517868756262', 'Centro', ''),
    (22, 21, '19.496337146306054', '-98.53299314688188', 'Seguro', ''),
    (23, 21, '19.51873157043986', '-98.49302195945909', 'Entrada a Madero', ''),
    (24, 21, '19.52132754605535', '-98.48966367538394', 'Igleasia de Madero', ''),
    -- Tetla - Uatx
    (25, 5, '19.403840749979267', '-98.1464586277612', 'Base Tetla', ''),
    (26, 5, '19.40549891229519', '-98.14570045986203', 'Parada Tetla, Coporo y Flores', ''),
    (27, 5, '19.408558198337392', '-98.14415023410163', 'Parada Tetla, Coporo y Flores', ''),
    (28, 5, '19.409902564878873', '-98.14226970398333', 'Av. Hidalgo x C. Hidalgo', ''),
    (29, 5, '19.410505828183336', '-98.14103273958276', 'Tetla Facultad', ''),
    (30, 5, '19.411347460225738', '-98.1403850479402', 'OXXO', ''),
    (31, 5, '19.41312615065407', '-98.13948520478034', 'BRIDGESTONE', ''),
    (32, 5, '19.414921631387042', '-98.1385478498916', 'Paleteria', ''),
    (33, 5, '19.417697291686828', '-98.13714241698597', 'Av. Juarez x Blvr. E. Sanchez Piedraz', ''),
    (34, 5, '19.418058528423302', '-98.13579369047034', 'Veterinaria', ''),
    (35, 5, '19.41774968901798', '-98.13244058903936', 'puente', ''),
    (36, 5, '19.41710386411865', '-98.12558704799189', 'Uatx', ''),
    (37, 5, '19.418857984643914', '-98.12317768071176', 'Coca-cola', ''),
    (38, 5, '19.423586279324397', '-98.11663165318684', 'Centro de las artes Tlaxcala', ''),
    -- Apizaco - Tlaxcala - Expresso
    (39, 5, '19.41365537001932', '-98.1401945623621', 'OXXO', ''),
    -- id=29 tetla facultad
    (40, 5, '19.41460600781141', '-98.14238328788448', 'Av. Hidalgo Blvd. Francisco I. Madero', ''),
    (41, 5, '19.41589522801215', '-98.1451019718413', 'Av. Xicotencatl Blvd. Francisco I. Madero', ''),
    (42, 5, '19.416647222930965', '-98.1468317402202', 'Semaforo', ''),
    -- id=15 aurrera, id=14 la Y
    (43, 33, '19.32801995544436', '-98.2287162966435', 'Facultad de Ciencias Económico Administrativas', ''),
    (44, 33, '19.326338036459518', '-98.23086433221685', 'Estadio Tlahuicole', ''),
    (45, 33, '19.32405237880597', '-98.23632317791807', 'Mercado / Puente', ''),
    (46, 33, '19.32231407900542', '-98.23888694112829', 'Puente verde ', ''),
    (47, 33, '19.321095055369387', '-98.23987920037331', 'Puente rojo', ''),
    (48, 33, '19.320034382938545', '-98.24212706205829', 'Artesanias', ''),
    (49, 33, '19.322353871757457', '-98.24449304475677', 'Puente blanco', ''),
    (50, 33, '19.32471493490781', '-98.24735643068333', 'Recinto ferial', '')
    -- Apizaco - Tlaxcala - Atha
    -- [18, 41, 42, 15, 14, 43, 44, 45, 46, 47, 48, 49, 50]
;

-- TRANSPORT_STOP
INSERT INTO `transport_stop` (`id_transport`, `id_stop`) VALUES 
    (1, 1), (1, 2), (1, 3), (1, 4), (1, 5), (1, 6), (1, 7), (1, 8), (1, 9), (1, 10), (1, 11), (1, 12), (1, 13), (1, 14), (1, 15), (1, 16), (1, 17), (1, 18),
    (4, 1), (4, 2), (4, 3), (4, 4), (4, 5), (4, 19), (4, 20), (4, 21), (4, 22), (4, 23), (4, 24),
    (5, 25), (5, 26), (5, 27), (5, 28), (5, 29), (5, 30), (5, 31), (5, 32), (5, 33), (5, 34), (5, 35), (5, 36), (5, 37), (5, 38), 
    (6, 25), (6, 26), (6, 27), (6, 28), (6, 29), (6, 30), (6, 31), (6, 32), (6, 33), (6, 34), (6, 35), (6, 36), (6, 37), (6, 38), 
    (7, 25), (7, 26), (7, 27), (7, 28), (7, 29), (7, 30), (7, 31), (7, 32), (7, 33), (7, 34) 
;


-- Transport for Id=4 : Nanacamilpa - Calpulalpan
INSERT INTO `route_coordinates` (`id_transport`, `latitude`, `longitude`) VALUES  
    (4, '19.490575171536403', '-98.53916982432264'), 
    (4, '19.492718855902066', '-98.53758613509281'), 
    (4, '19.491852871923015', '-98.53587485995448'), 
    (4, '19.49354004321773', '-98.53482877500349'), 
    (4, '19.49538328183153', '-98.53370224723066'), 
    (4, '19.49629223778178', '-98.53312874882047'), 
    (4, '19.497508384623767', '-98.53143038750352'), 
    (4, '19.499450652442178', '-98.52827022511678'), 
    (4, '19.501381494769184', '-98.5246173577415'), 
    (4, '19.504324197173382', '-98.51915512616642'), 
    (4, '19.50681633462953', '-98.5145501614935'), 
    (4, '19.5105613270808', '-98.5075516155538'), 
    (4, '19.514413504958007', '-98.50050555870398'), 
    (4, '19.517687358857973', '-98.4945601661469'), 
    (4, '19.519234975790074', '-98.4924219901344'), 
    (4, '19.52066353209687', '-98.49053642565814'), 
    (4, '19.522134591760782', '-98.4887230359012'), 
    (4, '19.524702536700307', '-98.48532180225405'), 
    (4, '19.526386134075484', '-98.48336406302693'), 
    (4, '19.528069713877183', '-98.48120784335536'), 
    (4, '19.530905780494262', '-98.48292061169518'), 
    (4, '19.536940246781317', '-98.48671210198616'), 
    (4, '19.54200236978987', '-98.48971042193841'), 
    (4, '19.548964032590526', '-98.49406117551943'), 
    (4, '19.556418329892704', '-98.49865434647943'), 
    (4, '19.562802300996236', '-98.50257130060437'), 
    (4, '19.567959787968352', '-98.50576100263828'), 
    (4, '19.57036415445016', '-98.50718998920769'), 
    (4, '19.572083254426357', '-98.50796827647602'), 
    (4, '19.572696355575978', '-98.50837655832171'), 
    (4, '19.573069023762372', '-98.50864449328292'), 
    (4, '19.573453712599186', '-98.50916760439772'), 
    (4, '19.574295216228016', '-98.51136211931824'), 
    (4, '19.575112672737326', '-98.51365870487376'), 
    (4, '19.57940425116329', '-98.52556267273752'), 
    (4, '19.582673948500933', '-98.53478729111158'), 
    (4, '19.58462710025577', '-98.54037818225558'), 
    (4, '19.586714167850108', '-98.54625008116875'), 
    (4, '19.5884295456161', '-98.55145437400387'), 
    (4, '19.590173804239765', '-98.55623492661216'), 
    (4, '19.58842985559605', '-98.55681149553186'), 
    (4, '19.58728627245674', '-98.55712253928067'), 
    (4, '19.585892519548207', '-98.55757013879432'), 
    (4, '19.584184262304145', '-98.55747151519822'), 
    (4, '19.582418805857163', '-98.55713771215594'), 
    (4, '19.581196555478023', '-98.55701632923697'), 
    (4, '19.58117511240614', '-98.55757013880469'), 
    (4, '19.58225441014719', '-98.55950467907549'), 
    (4, '19.582854811076622', '-98.56077919989103'), 
    (4, '19.58366963730397', '-98.56220544918871'), 
    (4, '19.584627410252807', '-98.56417033527458'), 
    (4, '19.585192064756704', '-98.5652476086803'), 
    (4, '19.58568524238712', '-98.56590762830209');

-- Transport for Id=1 : Calpulalpan - Apizaco
INSERT INTO `route_coordinates` (`id_transport`, `latitude`, `longitude`) VALUES 
    (1, '19.58568524238712', '-98.56590762830209'),
    (1, '19.585192064756704', '-98.5652476086803'),
    (1, '19.584627410252807', '-98.56417033527458'),
    (1, '19.58366963730397', '-98.56220544918871'),
    (1, '19.582854811076622', '-98.56077919989103'),
    (1, '19.58225441014719', '-98.55950467907549'),
    (1, '19.58117511240614', '-98.55757013880469'),
    (1, '19.581196555478023', '-98.55701632923697'),
    (1, '19.582418805857163', '-98.55713771215594'),
    (1, '19.584184262304145', '-98.55747151519822'),
    (1, '19.585892519548207', '-98.55757013879432'),
    (1, '19.58728627245674', '-98.55712253928067'),
    (1, '19.58842985559605', '-98.55681149553186'),
    (1, '19.590173804239765', '-98.55623492661216'),
    (1, '19.5884295456161', '-98.55145437400387'),
    (1, '19.586714167850108', '-98.54625008116875'),
    (1, '19.58462710025577', '-98.54037818225558'),
    (1, '19.582673948500933', '-98.53478729111158'),
    (1, '19.57940425116329', '-98.52556267273752'),
    (1, '19.575112672737326', '-98.51365870487376'),
    (1, '19.574295216228016', '-98.51136211931824'),
    (1, '19.573453712599186', '-98.50916760439772'),
    (1, '19.573069023762372', '-98.50864449328292'),
    (1, '19.572696355575978', '-98.50837655832171'),
    (1, '19.572083254426357', '-98.50796827647602'),
    (1, '19.57036415445016', '-98.50718998920769'),
    (1, '19.567959787968352', '-98.50576100263828'),
    (1, '19.562802300996236', '-98.50257130060437'),
    (1, '19.556418329892704', '-98.49865434647943'),
    (1, '19.548964032590526', '-98.49406117551943'),
    (1, '19.54200236978987', '-98.48971042193841'),
    (1, '19.536940246781317', '-98.48671210198616'),
    (1, '19.530905780494262', '-98.48292061169518'),
    (1, '19.528069713877183', '-98.48120784335536'), 

    (1, '19.521548524399776', '-98.47708746188395'),
    (1, '19.52042482798659', '-98.47643327456215'),
    (1, '19.518629908078125', '-98.47418021895355'),
    (1, '19.518382156995994', '-98.4737403366946'),
    (1, '19.517168676853835', '-98.47220611313232'),
    (1, '19.514888320808794', '-98.46934151386762'),
    (1, '19.514473707142642', '-98.4687192414206'),
    (1, '19.51402217333642', '-98.46770094127429'),
    (1, '19.513807653209696', '-98.46644159350937'),
    (1, '19.51373614643754', '-98.4656070859543'),
    (1, '19.513721845081626', '-98.46483326948506'),
    (1, '19.513435817629215', '-98.44788517888574'),
    (1, '19.513350009301465', '-98.44685342409039'),
    (1, '19.513106885458903', '-98.44620099091095'),
    (1, '19.51284945981536', '-98.44539682908517'),
    (1, '19.51183405466906', '-98.44369746824576'),
    (1, '19.511390706683294', '-98.44292365189885'),
    (1, '19.5063285143732', '-98.43456619114295'),
    (1, '19.506063930909527', '-98.43385169792391'),
    (1, '19.505799347013046', '-98.43221857056612'),
    (1, '19.505762705935936', '-98.43156417942497'),
    (1, '19.50579672216196', '-98.42405800913488'),
    (1, '19.505524592120857', '-98.42007035500073'),
    (1, '19.503517619146795', '-98.39506181575695'),
    (1, '19.503279502059446', '-98.39365440882756'),
    (1, '19.502973351003543', '-98.39314918582726'),
    (1, '19.50273523311506', '-98.39264396282698'),
    (1, '19.50225899628661', '-98.39206656511234'),
    (1, '19.50110241513592', '-98.39098394411246'),
    (1, '19.495897698362565', '-98.38564301525223'),
    (1, '19.489740268127182', '-98.37947207668785'),
    (1, '19.487528979163482', '-98.37629638925742'),
    (1, '19.486374179828204', '-98.37484085017051'),
    (1, '19.48308427785209', '-98.36995518775723'),
    (1, '19.478821609691014', '-98.36370396698771'),
    (1, '19.474501610163472', '-98.35742240092529'),
    (1, '19.47198394127801', '-98.35368987544429'),
    (1, '19.4698095595334', '-98.35062495678751'),
    (1, '19.46955206502645', '-98.34925939897012'),
    (1, '19.46909429600396', '-98.34570894864495'),
    (1, '19.469065685397133', '-98.34431304509829'),
    (1, '19.46909429600396', '-98.34403993353482'),
    (1, '19.469265959538912', '-98.3426136842589'),
    (1, '19.470124274506986', '-98.33860804757975'),
    (1, '19.470060825233467', '-98.33672661236469'),
    (1, '19.469907718370283', '-98.3359146468285'),
    (1, '19.468921026183565', '-98.33481398221383'),
    (1, '19.46781524336758', '-98.33353288103451'),
    (1, '19.467594085899112', '-98.33295548331989'),
    (1, '19.46745798884546', '-98.33263069710543'),
    (1, '19.467287867367702', '-98.33163829478342'),
    (1, '19.467270855210103', '-98.33093459131872'),
    (1, '19.46749201312062', '-98.33021284383541'),
    (1, '19.47101348690424', '-98.32064969381746'),
    (1, '19.472000166361767', '-98.3176363991866'),
    (1, '19.472138215438004', '-98.31661961514104'),
    (1, '19.472150244488923', '-98.31591788072949'),
    (1, '19.472078070170017', '-98.31489717613086'),
    (1, '19.472246476864125', '-98.31445061786896'),
    (1, '19.47247502852618', '-98.31386371272475'),
    (1, '19.473016333828006', '-98.31342991312026'),
    (1, '19.474098938967582', '-98.31303439008828'),
    (1, '19.474580094485606', '-98.3128047315536'),
    (1, '19.475061248574796', '-98.31243472613659'),
    (1, '19.475518343642136', '-98.31186057977274'),
    (1, '19.47580703459532', '-98.310916428019'),
    (1, '19.47604760999669', '-98.310176417185'),
    (1, '19.476083696292456', '-98.31003607015955'),
    (1, '19.476468616105873', '-98.30883674225616'),
    (1, '19.47682947760036', '-98.30839018399428'),
    (1, '19.47728656767282', '-98.30784155527252'),
    (1, '19.47840523007335', '-98.30683360924027'),
    (1, '19.480281678634213', '-98.30516220546002'),
    (1, '19.481340178556557', '-98.30382253048255'),
    (1, '19.48225433195517', '-98.30273803184652'),
    (1, '19.482735463250368', '-98.30188319174515'),
    (1, '19.484202904896822', '-98.29838727831977'),
    (1, '19.484226961211053', '-98.2975451967451'),
    (1, '19.48414276411302', '-98.29647345691656'),
    (1, '19.483192536686044', '-98.29264581467172'),
    (1, '19.48307225432731', '-98.29213546219312'),
    (1, '19.482915887138322', '-98.29068095814007'),
    (1, '19.482843717619563', '-98.29015784685744'),
    (1, '19.482939943642766', '-98.28838437261734'),
    (1, '19.483084282570367', '-98.28800160839285'),
    (1, '19.483132395517636', '-98.28741470324864'),
    (1, '19.483348903603503', '-98.28661089837722'),
    (1, '19.483709749770064', '-98.28493949459697'),
    (1, '19.48385408803412', '-98.2841994834621'),
    (1, '19.484515636661566', '-98.2807035702118'),
    (1, '19.485020817458047', '-98.2782921553133'),
    (1, '19.485044873645794', '-98.27696523933508'),
    (1, '19.485008789362826', '-98.27574039381673'),
    (1, '19.484816339717838', '-98.2742093369188'),
    (1, '19.484587805462105', '-98.2736862255118'),
    (1, '19.484443467874573', '-98.27321414963492'),
    (1, '19.484106679670045', '-98.27274207375804'),
    (1, '19.48363758064649', '-98.27207861576896'),
    (1, '19.483048197895943', '-98.271657575122'),
    (1, '19.482362586691387', '-98.27140239897236'),
    (1, '19.48212202059459', '-98.27127481082876'),
    (1, '19.478645801680088', '-98.26994789485053'),
    (1, '19.476961793289703', '-98.26919512509924'),
    (1, '19.47411096790485', '-98.26724302755437'),
    (1, '19.473653868800803', '-98.2668985395675'),
    (1, '19.46768740524261', '-98.26287951515341'),
    (1, '19.466761140203875', '-98.26254778615888'),
    (1, '19.46625590240622', '-98.26239468043438'),
    (1, '19.46480032782919', '-98.26229260997451'),
    (1, '19.463489096528033', '-98.26205019260317'),
    (1, '19.462562807500877', '-98.26176949883855'),
    (1, '19.46186507980422', '-98.26148880507391'),
    (1, '19.46117937897014', '-98.2612081113093'),
    (1, '19.46039743588374', '-98.26077431185487'),
    (1, '19.459807968551008', '-98.26058292963147'),
    (1, '19.45709469061125', '-98.26036734607345'),
    (1, '19.456192987113724', '-98.26015082193045'),
    (1, '19.455648559933397', '-98.25977190468024'),
    (1, '19.45505309054145', '-98.25935690004727'),
    (1, '19.453340271733488', '-98.25825265760012'),
    (1, '19.450477000208874', '-98.25756368190362'),
    (1, '19.449502513948723', '-98.25701505318186'),
    (1, '19.44797460395617', '-98.2552798553642'),
    (1, '19.43702078716143', '-98.2427438433307'),
    (1, '19.434005780970658', '-98.23931061583957'),
    (1, '19.432933315626002', '-98.23729359477024'),
    (1, '19.431415663783742', '-98.23321663685951'),
    (1, '19.42981705525826', '-98.22881781402364'),
    (1, '19.42783394942811', '-98.22371088833744'),
    (1, '19.426882859445872', '-98.22139345969599'),
    (1, '19.426680499111853', '-98.22089993309231'),
    (1, '19.421904723183186', '-98.21195208396595'),
    (1, '19.421115492436204', '-98.21085774248567'),
    (1, '19.41961796721576', '-98.2092484171644'),
    (1, '19.417553788212803', '-98.20716702308219'),
    (1, '19.416096704863264', '-98.20566498607243'),
    (1, '19.414882458703076', '-98.20375525313698'),
    (1, '19.413344400609173', '-98.20156657036462'),
    (1, '19.40947895361548', '-98.19564425301051'),
    (1, '19.40889204517882', '-98.1950434379983'),
    (1, '19.398914278960543', '-98.18386399109764'),
    (1, '19.393693922551996', '-98.1781071049286'),
    (1, '19.393406384433792', '-98.1780315721025'),
    (1, '19.392916666867084', '-98.17760319342352'),
    (1, '19.3924511406095', '-98.17713648908034'),
    (1, '19.392203196733234', '-98.17694337004178'),
    (1, '19.391914771748898', '-98.17675561542097'),
    (1, '19.391595985645296', '-98.17662150497753'),
    (1, '19.391494783577095', '-98.17663759823074'),
    (1, '19.39118105676579', '-98.17661077614206'),
    (1, '19.390882509697086', '-98.17663759822985'),
    (1, '19.390614322903307', '-98.17666442031853'),
    (1, '19.3898401207876', '-98.17693800563777'),
    (1, '19.389349284859904', '-98.17709357376913'),
    (1, '19.38901531318678', '-98.17733497256732'),
    (1, '19.388013394056763', '-98.1777051173912'),
    (1, '19.387800864941354', '-98.17781777019292'),
    (1, '19.386667371749926', '-98.17812354201271'),
    (1, '19.386571226875958', '-98.17780167694846'),
    (1, '19.387264480748662', '-98.1776514732518'),
    (1, '19.38789700907912', '-98.17743153212457'),
    (1, '19.388888808571597', '-98.17707211608322'),
    (1, '19.38955169158642', '-98.17682535286728'),
    (1, '19.389645887727095', '-98.17652056681588'),
    (1, '19.389502764638262', '-98.1762398688168'),
    (1, '19.38972695042696', '-98.17620369447324'),
    (1, '19.39072263384406', '-98.1761901617143'),
    (1, '19.39095663229962', '-98.17644657653543'),
    (1, '19.392466560867355', '-98.17653761372324'),
    (1, '19.3930962899932', '-98.17652244081638'),
    (1, '19.39361152108308', '-98.17637829860233'),
    (1, '19.39401941123817', '-98.17617346488468'),
    (1, '19.394534639405766', '-98.17571069251322'),
    (1, '19.395121425054466', '-98.17521757441251'),
    (1, '19.39550784371654', '-98.17501274073989'),
    (1, '19.39577976741018', '-98.17495204928136'),
    (1, '19.396552600720174', '-98.17467135124211'),
    (1, '19.397160846554062', '-98.1744589311372'),
    (1, '19.39813403519836', '-98.17399615865997'),
    (1, '19.399307578422185', '-98.17341200337145'),
    (1, '19.40033799967724', '-98.17294923097482'),
    (1, '19.40179059630654', '-98.17229679779585'),
    (1, '19.403207402174445', '-98.17193264904455'),
    (1, '19.404151932618', '-98.17161401885414'),
    (1, '19.40581200304259', '-98.1707870977314'),
    (1, '19.406999801708544', '-98.17020294233879'),
    (1, '19.408430872876224', '-98.16940636688666'),
    (1, '19.409325285959998', '-98.16852634071458'),
    (1, '19.410069433884598', '-98.16761596883633'),
    (1, '19.41089944104516', '-98.16666007829888'),
    (1, '19.41218737476744', '-98.16508968673205'),
    (1, '19.413224869537967', '-98.16364826449188'),
    (1, '19.414011930107932', '-98.16219925583016'),
    (1, '19.414505629784166', '-98.16116750103481'),
    (1, '19.415256909044647', '-98.15974125162086'),
    (1, '19.41562896985859', '-98.15855776817914'),
    (1, '19.415814999958837', '-98.15729842030393'),
    (1, '19.41594378990979', '-98.15637287546228'),
    (1, '19.41606542475561', '-98.15580389303837'),
    (1, '19.417188754037358', '-98.15364175975483'),
    (1, '19.417596585052703', '-98.15249620837507'),
    (1, '19.417732528492113', '-98.15176791087248'),
    (1, '19.417353317557982', '-98.15091823035452'),
    (1, '19.415352701540893', '-98.14667000520784'),
    (1, '19.41455837961668', '-98.1447924589076'),
    (1, '19.412726870959943', '-98.14568831669287'),
    (1, '19.411654265151828', '-98.14331724398745')
;    
-- Transport for Id=5 : Apizaco - Tetla
INSERT INTO `route_coordinates` (`id_transport`, `latitude`, `longitude`) VALUE
    (5, '19.40386688333453', '-98.1465067115142'), 
    (5, '19.40861599302466', '-98.14414134435873'), 
    (5, '19.408153045231472', '-98.14318157629803'),
    (5, '19.410897976835944', '-98.14180330266349'),
    (5, '19.41045156917974', '-98.14084572585405'),
    (5, '19.41778211141807', '-98.13712571483941'),
    (5, '19.417351497675828', '-98.13618823091292'),
    (5, '19.418577921369526', '-98.13556584564908'),
-- Vuelta por el tren
    (5, '19.417764516060124', '-98.13239330042258'),
    (5, '19.41715244428219', '-98.13002953181098'),
    (5, '19.41642762751177', '-98.12700715318815'),
    (5, '19.416426739416757', '-98.12681114794059'),
    (5, '19.41642089410714', '-98.12661746686067'),
    (5, '19.416500536433347', '-98.12638350012995'),
    (5, '19.41659479198082', '-98.1262068629899'),
    (5, '19.416816182700646', '-98.12591169302857'),
    (5, '19.418289264586836', '-98.12413139203976'),
    (5, '19.41847173359523', '-98.12398858936065'),
    (5, '19.418593379485944', '-98.12382920313796'),
    (5, '19.418804521778117', '-98.1234072442337'),
    (5, '19.419492541381604', '-98.12173634461313'),
    (5, '19.42084025136149', '-98.11877147678345'),
    (5, '19.420986224312188', '-98.11862406762248'),
    (5, '19.422661428068363', '-98.11745216429709'),
    (5, '19.423773586980914', '-98.11654928277737'),
-- Centro de las artes
    (5, '19.4249031156054', '-98.11836241623767'),
    (5, '19.425963127634965', '-98.11719051289448'),
    (5, '19.427588763072706', '-98.11561839207586'),
    (5, '19.427868915687398', '-98.1153082957527'),
    (5, '19.42859386974967', '-98.11477930788662'),
    (5, '19.428756062426533', '-98.11464380360975'),
    (5, '19.429751332080144', '-98.11370309120714'),
    (5, '19.432504575693887', '-98.11123240105101'),
    (5, '19.43358091628864', '-98.11020569553448'),
    (5, '19.434759111723217', '-98.10896484165202'),
    (5, '19.43888813234314', '-98.10604460553554'),
    (5, '19.439993229914165', '-98.10538126406875'),
    (5, '19.440153086166767', '-98.10527807760934'),
    (5, '19.441181722644835', '-98.10412828564202')
;
-- Transport for Id=6 : Apizaco - Coporo
INSERT INTO `route_coordinates` (`id_transport`, `latitude`, `longitude`) VALUE
    (6, '19.40386688333453', '-98.1465067115142'), 
    (6, '19.40861599302466', '-98.14414134435873'), 
    (6, '19.408153045231472', '-98.14318157629803'),
    (6, '19.410897976835944', '-98.14180330266349'),
    (6, '19.41045156917974', '-98.14084572585405'),
    (6, '19.41778211141807', '-98.13712571483941'),
    (6, '19.417351497675828', '-98.13618823091292'),
    (6, '19.418577921369526', '-98.13556584564908'),
    (6, '19.418381214066343', '-98.1345959941517'),
    (6, '19.419247118896042', '-98.13415117014182'),
    (6, '19.41904872583511', '-98.1328429931523'),
    (6, '19.41977593199537', '-98.1320446287196'),
    (6, '19.421273949235523', '-98.13057822431257'),
    (6, '19.42129115227088', '-98.13049613998676'),
    (6, '19.420975353402373', '-98.12999451357312'),
    (6, '19.421004233832676', '-98.12845494367562'),
    (6, '19.42125849743719', '-98.12746019765933'),
    (6, '19.421316948784018', '-98.12624542992596'),
    (6, '19.42133740675569', '-98.12619584758225'),
    (6, '19.42169688203112', '-98.12583637549788'),
    (6, '19.421948221995244', '-98.12582707880604'),
    (6, '19.421843009968633', '-98.12460921224188'),
    (6, '19.421764100900912', '-98.12438299274051'),
    (6, '19.422041743746842', '-98.12243068751322')
;  
-- Transport for Id=7 : Apizaco - Tetla
INSERT INTO `route_coordinates` (`id_transport`, `latitude`, `longitude`) VALUE
    (7, '19.40386688333453', '-98.1465067115142'), 
    (7, '19.40861599302466', '-98.14414134435873'), 
    (7, '19.408153045231472', '-98.14318157629803'),
    (7, '19.410897976835944', '-98.14180330266349'),
    (7, '19.41045156917974', '-98.14084572585405'),
    (7, '19.41778211141807', '-98.13712571483941'),
    (7, '19.417351497675828', '-98.13618823091292'),
    (7, '19.418577921369526', '-98.13556584564908'),
    (7, '19.417764516060124', '-98.13239330042258'),
    (7, '19.41715244428219', '-98.13002953181098'),
    (7, '19.41642762751177', '-98.12700715318815'),
    (7, '19.416426739416757', '-98.12681114794059'),
    (7, '19.41642089410714', '-98.12661746686067'),
    (7, '19.416500536433347', '-98.12638350012995'),
    (7, '19.41659479198082', '-98.1262068629899'),
    (7, '19.416816182700646', '-98.12591169302857'),
    (7, '19.418289264586836', '-98.12413139203976'),
    (7, '19.41847173359523', '-98.12398858936065'),
    (7, '19.418593379485944', '-98.12382920313796'),
    (7, '19.418804521778117', '-98.1234072442337'),
    (7, '19.419492541381604', '-98.12173634461313'),
    (7, '19.42084025136149', '-98.11877147678345'),
    (7, '19.420986224312188', '-98.11862406762248'),
    (7, '19.422661428068363', '-98.11745216429709'),
    (7, '19.423762401071077', '-98.11657286355413'),
    (7, '19.422185150432707', '-98.11686555687177'),
    (7, '19.422421876907567', '-98.11649988699284'),
    (7, '19.423450610187842', '-98.11597307449723'),
    (7, '19.423222652808217', '-98.11530371269156'),
    (7, '19.423453532723702', '-98.1149876251978'),
    (7, '19.423830538448435', '-98.1146188564216'),
    (7, '19.424000044613262', '-98.11431826338553'),
    (7, '19.423988354547237', '-98.11431516450354'),
    (7, '19.424268916110744', '-98.1133823964378'),
    (7, '19.424426731777004', '-98.1129733420112'),
    (7, '19.424925817371815', '-98.11190422251738'),
    (7, '19.4253817270374', '-98.11090327873683'),
    (7, '19.425709046002773', '-98.11010686213613'),
    (7, '19.425834712930342', '-98.10994262058036'),
    (7, '19.425916542505362', '-98.10974739005178'),
    (7, '19.425910697537077', '-98.1097133021817'),
    (7, '19.42617664338911', '-98.10825991939222'),
    (7, '19.42213079866466', '-98.10711613207916'),
    (7, '19.422089467512993', '-98.10890419306509'),
    (7, '19.422510374099744', '-98.11466398537884'),
    (7, '19.42294044617295', '-98.11535974772895'),
    (7, '19.423087899190385', '-98.11535974772895'),
    (7, '19.42322552188591', '-98.11531544825154')
;


-- Stop_routes Calpulalpan - Apizaco
INSERT INTO `stop_routes` (`stop_id_from`, `stop_id_to`, `distance`, `time`, `price`) VALUES 
('1', '2', '10', '10', '10'), ('1', '3', '15', '15', '15'), ('1', '4', '20', '20', '20'), ('1', '5', '25', '25', '25'), ('1', '6', '30', '30', '30'), ('1', '7', '35', '35', '35'), ('1', '8', '40', '40', '40'), ('1', '9', '45', '45', '45'), ('1', '10', '50', '50', '50'), ('1', '11', '55', '55', '55'), ('1', '12', '60', '60', '60'), ('1', '13', '65', '65', '65'), ('1', '14', '70', '70', '70'), ('1', '15', '75', '75', '75'), ('1', '16', '80', '80', '80'), ('1', '17', '85', '85', '85'), ('1', '18', '90', '90', '90'),
('2', '3', '10', '10', '10'), ('2', '4', '15', '15', '15'), ('2', '5', '20', '20', '20'), ('2', '6', '25', '25', '25'), ('2', '7', '30', '30', '30'), ('2', '8', '35', '35', '35'), ('2', '9', '40', '40', '40'), ('2', '10', '45', '45', '45'), ('2', '11', '50', '50', '50'), ('2', '12', '55', '55', '55'), ('2', '13', '60', '60', '60'), ('2', '14', '65', '65', '65'), ('2', '15', '70', '70', '70'), ('2', '16', '75', '75', '75'), ('2', '17', '80', '80', '80'), ('2', '18', '85', '85', '85'),
('3', '4', '10', '10', '10'), ('3', '5', '15', '15', '15'), ('3', '6', '20', '20', '20'), ('3', '7', '25', '25', '25'), ('3', '8', '30', '30', '30'), ('3', '9', '35', '35', '35'), ('3', '10', '40', '40', '40'), ('3', '11', '45', '45', '45'), ('3', '12', '50', '50', '50'), ('3', '13', '55', '55', '55'), ('3', '14', '60', '60', '60'), ('3', '15', '65', '65', '65'), ('3', '16', '70', '70', '70'), ('3', '17', '75', '75', '75'),  ('3', '18', '80', '80', '80'),
('4', '5', '10', '10', '10'), ('4', '6', '15', '15', '15'), ('4', '7', '20', '20', '20'), ('4', '8', '25', '25', '25'), ('4', '9', '30', '30', '30'), ('4', '10', '35', '35', '35'), ('4', '11', '40', '40', '40'), ('4', '12', '45', '45', '45'), ('4', '13', '50', '50', '50'), ('4', '14', '55', '55', '55'), ('4', '15', '60', '60', '60'), ('4', '16', '65', '65', '65'), ('4', '17', '70', '70', '70'), ('4', '18', '75', '75', '75'),
('5', '6', '10', '10', '10'), ('5', '7', '15', '15', '15'), ('5', '8', '20', '20', '20'), ('5', '9', '25', '25', '25'), ('5', '10', '30', '30', '30'), ('5', '11', '35', '35', '35'), ('5', '12', '40', '40', '40'), ('5', '13', '45', '45', '45'), ('5', '14', '50', '50', '50'), ('5', '15', '55', '55', '55'), ('5', '16', '60', '60', '60'), ('5', '17', '65', '65', '65'), ('5', '18', '70', '70', '70'),
('6', '7', '10', '10', '10'), ('6', '8', '15', '15', '15'), ('6', '9', '20', '20', '20'), ('6', '10', '25', '25', '25'), ('6', '11', '30', '30', '30'), ('6', '12', '35', '35', '35'), ('6', '13', '40', '40', '40'), ('6', '14', '45', '45', '45'), ('6', '15', '50', '50', '50'), ('6', '16', '55', '55', '55'), ('6', '17', '60', '60', '60'), ('6', '18', '65', '65', '65'),
('7', '8', '10', '10', '10'), ('7', '9', '15', '15', '15'), ('7', '10', '20', '20', '20'), ('7', '11', '25', '25', '25'), ('7', '12', '30', '30', '30'), ('7', '13', '35', '35', '35'), ('7', '14', '40', '40', '40'), ('7', '15', '45', '45', '45'), ('7', '16', '50', '50', '50'), ('7', '17', '55', '55', '55'), ('7', '18', '60', '60', '60'),
('8', '9', '10', '10', '10'), ('8', '10', '15', '15', '15'), ('8', '11', '20', '20', '20'), ('8', '12', '25', '25', '25'), ('8', '13', '30', '30', '30'), ('8', '14', '35', '35', '35'), ('8', '15', '40', '40', '40'), ('8', '16', '45', '45', '45'), ('8', '17', '50', '50', '50'),  ('8', '18', '55', '55', '55'),
('9', '10', '10', '10', '10'), ('9', '11', '15', '15', '15'), ('9', '12', '20', '20', '20'), ('9', '13', '25', '25', '25'), ('9', '14', '30', '30', '30'), ('9', '15', '35', '35', '35'), ('9', '16', '40', '40', '40'), ('9', '17', '45', '45', '45'), ('9', '18', '50', '50', '50'),
('10', '11', '10', '10', '10'), ('10', '12', '15', '15', '15'), ('10', '13', '20', '20', '20'), ('10', '14', '25', '25', '25'), ('10', '15', '30', '30', '30'), ('10', '16', '35', '35', '35'), ('10', '17', '40', '40', '40'), ('10', '18', '45', '45', '45'),
('11', '12', '10', '10', '10'), ('11', '13', '15', '15', '15'), ('11', '14', '20', '20', '20'), ('11', '15', '25', '25', '25'), ('11', '16', '30', '30', '30'), ('11', '17', '35', '35', '35'), ('11', '18', '40', '40', '40'),
('12', '13', '10', '10', '10'), ('12', '14', '15', '15', '15'), ('12', '15', '20', '20', '20'), ('12', '16', '25', '25', '25'), ('12', '17', '30', '30', '30'), ('12', '18', '35', '35', '35'),
('13', '14', '10', '10', '10'), ('13', '15', '15', '15', '15'), ('13', '16', '20', '20', '20'), ('13', '17', '25', '25', '25'), ('13', '18', '30', '30', '30'),
('14', '15', '10', '10', '10'), ('14', '16', '15', '15', '15'), ('14', '17', '20', '20', '20'), ('14', '18', '25', '25', '25'),
('15', '16', '10', '10', '10'), ('15', '17', '15', '15', '15'), ('15', '18', '20', '20', '20'),
('16', '17', '10', '10', '10'), ('16', '18', '15', '15', '15'),
('17', '18', '10', '10', '10'),
('18', '17', '10', '10', '10'), ('18', '16', '15', '15', '15'), ('18', '15', '20', '20', '20'), ('18', '14', '25', '25', '25'), ('18', '13', '30', '30', '30'), ('18', '12', '35', '35', '35'), ('18', '11', '40', '40', '40'), ('18', '10', '45', '45', '45'), ('18', '9', '50', '50', '50'), ('18', '8', '55', '55', '55'), ('18', '7', '60', '60', '60'), ('18', '6', '65', '65', '65'), ('18', '5', '70', '70', '70'), ('18', '4', '75', '75', '75'), ('18', '3', '80', '80', '80'), ('18', '2', '85', '85', '85'), ('18', '1', '90', '90', '90'),  
('17', '16', '10', '10', '10'), ('17', '15', '15', '15', '15'), ('17', '14', '20', '20', '20'), ('17', '13', '25', '25', '25'), ('17', '12', '30', '30', '30'), ('17', '11', '35', '35', '35'), ('17', '10', '40', '40', '40'), ('17', '9', '45', '45', '45'), ('17', '8', '50', '50', '50'), ('17', '7', '55', '55', '55'), ('17', '6', '60', '60', '60'), ('17', '5', '65', '65', '65'), ('17', '4', '70', '70', '70'), ('17', '3', '75', '75', '75'), ('17', '2', '80', '80', '80'), ('17', '1', '85', '85', '85'),  
('16', '15', '10', '10', '10'), ('16', '14', '15', '15', '15'), ('16', '13', '20', '20', '20'), ('16', '12', '25', '25', '25'), ('16', '11', '30', '30', '30'), ('16', '10', '35', '35', '35'), ('16', '9', '40', '40', '40'), ('16', '8', '45', '45', '45'), ('16', '7', '50', '50', '50'), ('16', '6', '55', '55', '55'), ('16', '5', '60', '60', '60'), ('16', '4', '65', '65', '65'), ('16', '3', '70', '70', '70'), ('16', '2', '75', '75', '75'), ('16', '1', '80', '80', '80'),  
('15', '14', '10', '10', '10'), ('15', '13', '15', '15', '15'), ('15', '12', '20', '20', '20'), ('15', '11', '25', '25', '25'), ('15', '10', '30', '30', '30'), ('15', '9', '35', '35', '35'), ('15', '8', '40', '40', '40'), ('15', '7', '45', '45', '45'), ('15', '6', '50', '50', '50'), ('15', '5', '55', '55', '55'), ('15', '4', '60', '60', '60'), ('15', '3', '65', '65', '65'), ('15', '2', '70', '70', '70'), ('15', '1', '75', '75', '75'),  
('14', '13', '10', '10', '10'), ('14', '12', '15', '15', '15'), ('14', '11', '20', '20', '20'), ('14', '10', '25', '25', '25'), ('14', '9', '30', '30', '30'), ('14', '8', '35', '35', '35'), ('14', '7', '40', '40', '40'), ('14', '6', '45', '45', '45'), ('14', '5', '50', '50', '50'), ('14', '4', '55', '55', '55'), ('14', '3', '60', '60', '60'), ('14', '2', '65', '65', '65'), ('14', '1', '70', '70', '70'),  
('13', '12', '10', '10', '10'), ('13', '11', '15', '15', '15'), ('13', '10', '20', '20', '20'), ('13', '9', '25', '25', '25'), ('13', '8', '30', '30', '30'), ('13', '7', '35', '35', '35'), ('13', '6', '40', '40', '40'), ('13', '5', '45', '45', '45'), ('13', '4', '50', '50', '50'), ('13', '3', '55', '55', '55'), ('13', '2', '60', '60', '60'), ('13', '1', '65', '65', '65'),  
('12', '11', '10', '10', '10'), ('12', '10', '15', '15', '15'), ('12', '9', '20', '20', '20'), ('12', '8', '25', '25', '25'), ('12', '7', '30', '30', '30'), ('12', '6', '35', '35', '35'), ('12', '5', '40', '40', '40'), ('12', '4', '45', '45', '45'), ('12', '3', '50', '50', '50'), ('12', '2', '55', '55', '55'), ('12', '1', '60', '60', '60'),  
('11', '10', '10', '10', '10'), ('11', '9', '15', '15', '15'), ('11', '8', '20', '20', '20'), ('11', '7', '25', '25', '25'), ('11', '6', '30', '30', '30'), ('11', '5', '35', '35', '35'), ('11', '4', '40', '40', '40'), ('11', '3', '45', '45', '45'), ('11', '2', '50', '50', '50'), ('11', '1', '55', '55', '55'),  
('10', '9', '10', '10', '10'), ('10', '8', '15', '15', '15'), ('10', '7', '20', '20', '20'), ('10', '6', '25', '25', '25'), ('10', '5', '30', '30', '30'), ('10', '4', '35', '35', '35'), ('10', '3', '40', '40', '40'), ('10', '2', '45', '45', '45'), ('10', '1', '50', '50', '50'),  
('9', '8', '10', '10', '10'), ('9', '7', '15', '15', '15'), ('9', '6', '20', '20', '20'), ('9', '5', '25', '25', '25'), ('9', '4', '30', '30', '30'), ('9', '3', '35', '35', '35'), ('9', '2', '40', '40', '40'), ('9', '1', '45', '45', '45'),  
('8', '7', '10', '10', '10'), ('8', '6', '15', '15', '15'), ('8', '5', '20', '20', '20'), ('8', '4', '25', '25', '25'), ('8', '3', '30', '30', '30'), ('8', '2', '35', '35', '35'), ('8', '1', '40', '40', '40'),  
('7', '6', '10', '10', '10'), ('7', '5', '15', '15', '15'), ('7', '4', '20', '20', '20'), ('7', '3', '25', '25', '25'), ('7', '2', '30', '30', '30'), ('7', '1', '35', '35', '35'),  
('6', '5', '10', '10', '10'), ('6', '4', '15', '15', '15'), ('6', '3', '20', '20', '20'), ('6', '2', '25', '25', '25'), ('6', '1', '30', '30', '30'),  
('5', '4', '10', '10', '10'), ('5', '3', '15', '15', '15'), ('5', '2', '20', '20', '20'), ('5', '1', '25', '25', '25'),  
('4', '3', '10', '10', '10'), ('4', '2', '15', '15', '15'), ('4', '1', '20', '20', '20'),  
('3', '2', '10', '10', '10'), ('3', '1', '15', '15', '15'),  
('2', '1', '10', '10', '10');


-- Stop_routes Nanacamilpa - Calpulalpan
INSERT INTO `stop_routes` (`stop_id_from`, `stop_id_to`, `distance`, `time`, `price`) VALUES 
('19', '20', '10', '10', '10'), ('19', '21', '15', '15', '15'), ('19', '22', '20', '20', '20'), ('19', '23', '25', '25', '25'), ('19', '24', '30', '30', '30'), ('19', '5', '35', '35', '35'), ('19', '4', '40', '40', '40'), ('19', '3', '45', '45', '45'), ('19', '2', '50', '50', '50'), ('19', '1', '55', '55', '55'),
('20', '21', '10', '10', '10'), ('20', '22', '15', '15', '15'), ('20', '23', '20', '20', '20'), ('20', '24', '25', '25', '25'), ('20', '5', '30', '30', '30'), ('20', '4', '35', '35', '35'), ('20', '3', '40', '40', '40'), ('20', '2', '45', '45', '45'), ('20', '1', '50', '50', '50'),
('21', '22', '10', '10', '10'), ('21', '23', '15', '15', '15'), ('21', '24', '20', '20', '20'), ('21', '5', '25', '25', '25'), ('21', '4', '30', '30', '30'), ('21', '3', '35', '35', '35'), ('21', '2', '40', '40', '40'), ('21', '1', '45', '45', '45'),
('22', '23', '10', '10', '10'), ('22', '24', '15', '15', '15'), ('22', '5', '20', '20', '20'), ('22', '4', '25', '25', '25'), ('22', '3', '30', '30', '30'), ('22', '2', '35', '35', '35'), ('22', '1', '40', '40', '40'),
('23', '24', '10', '10', '10'), ('23', '5', '15', '15', '15'), ('23', '4', '20', '20', '20'), ('23', '3', '25', '25', '25'), ('23', '2', '30', '30', '30'), ('23', '1', '35', '35', '35'), 
('24', '5', '10', '10', '10'), ('24', '4', '15', '15', '15'), ('24', '3', '20', '20', '20'), ('24', '2', '25', '25', '25'), ('24', '1', '30', '30', '30'),
('5', '4', '10', '10', '10'), ('5', '3', '15', '15', '15'), ('5', '2', '20', '20', '20'), ('5', '1', '25', '25', '25'),
('4', '3', '10', '10', '10'), ('4', '2', '15', '15', '15'), ('4', '1', '20', '20', '20'),
('3', '2', '10', '10', '10'), ('3', '1', '15', '15', '15'),
('2', '1', '10', '10', '10'),
('1', '2', '10', '10', '10'), ('1', '3', '15', '15', '15'), ('1', '4', '20', '20', '20'), ('1', '5', '25', '25', '25'), ('1', '24', '30', '30', '30'), ('1', '23', '35', '35', '35'), ('1', '22', '40', '40', '40'), ('1', '21', '45', '45', '45'), ('1', '20', '50', '50', '50'), (1, '19', '55', '55', '55'),  
('2', '3', '10', '10', '10'), ('2', '4', '15', '15', '15'), ('2', '5', '20', '20', '20'), ('2', '24', '25', '25', '25'), ('2', '23', '30', '30', '30'), ('2', '22', '35', '35', '35'), ('2', '21', '40', '40', '40'), ('2', '20', '45', '45', '45'), ('2', '19', '50', '50', '50'),  
('3', '4', '10', '10', '10'), ('3', '5', '15', '15', '15'), ('3', '24', '20', '20', '20'), ('3', '23', '25', '25', '25'), ('3', '22', '30', '30', '30'), ('3', '21', '35', '35', '35'), ('3', '20', '40', '40', '40'), ('3', '19', '45', '45', '45'),  
('4', '5', '10', '10', '10'), ('4', '24', '15', '15', '15'), ('4', '23', '20', '20', '20'), ('4', '22', '25', '25', '25'), ('4', '21', '30', '30', '30'), ('4', '20', '35', '35', '35'), ('4', '19', '40', '40', '40'),  
('5', '24', '10', '10', '10'), ('5', '23', '15', '15', '15'), ('5', '22', '20', '20', '20'), ('5', '21', '25', '25', '25'), ('5', '20', '30', '30', '30'), ('5', '19', '35', '35', '35'),  
('24', '23', '10', '10', '10'), ('24', '22', '15', '15', '15'), ('24', '21', '20', '20', '20'), ('24', '20', '25', '25', '25'), ('24', '19', '30', '30', '30'),  
('23', '22', '10', '10', '10'), ('23', '21', '15', '15', '15'), ('23', '20', '20', '20', '20'), ('23', '19', '25', '25', '25'),  
('22', '21', '10', '10', '10'), ('22', '20', '15', '15', '15'), ('22', '19', '20', '20', '20'),  
('21', '20', '10', '10', '10'), ('21', '19', '15', '15', '15'),  
('20', '19', '10', '10', '10');


-- Stop_routes Apizaco - Tetla 
INSERT INTO `stop_routes` (`stop_id_from`, `stop_id_to`, `distance`, `time`, `price`) VALUES 
('25', '26', '10', '10', '10'), ('25', '27', '15', '15', '15'), ('25', '28', '20', '20', '20'), ('25', '29', '25', '25', '25'), ('25', '30', '30', '30', '30'), ('25', '31', '35', '35', '35'), ('25', '32', '40', '40', '40'), ('25', '33', '45', '45', '45'), ('25', '34', '50', '50', '50'), ('25', '35', '55', '55', '55'), ('25', '36', '60', '60', '60'), ('25', '37', '65', '65', '65'), ('25', '38', '70', '70', '70'),  
('26', '27', '10', '10', '10'), ('26', '28', '15', '15', '15'), ('26', '29', '20', '20', '20'), ('26', '30', '25', '25', '25'), ('26', '31', '30', '30', '30'), ('26', '32', '35', '35', '35'), ('26', '33', '40', '40', '40'), ('26', '34', '45', '45', '45'), ('26', '35', '50', '50', '50'), ('26', '36', '55', '55', '55'), ('26', '37', '60', '60', '60'), ('26', '38', '65', '65', '65'),  
('27', '28', '10', '10', '10'), ('27', '29', '15', '15', '15'), ('27', '30', '20', '20', '20'), ('27', '31', '25', '25', '25'), ('27', '32', '30', '30', '30'), ('27', '33', '35', '35', '35'), ('27', '34', '40', '40', '40'), ('27', '35', '45', '45', '45'), ('27', '36', '50', '50', '50'), ('27', '37', '55', '55', '55'), ('27', '38', '60', '60', '60'),  
('28', '29', '10', '10', '10'), ('28', '30', '15', '15', '15'), ('28', '31', '20', '20', '20'), ('28', '32', '25', '25', '25'), ('28', '33', '30', '30', '30'), ('28', '34', '35', '35', '35'), ('28', '35', '40', '40', '40'), ('28', '36', '45', '45', '45'), ('28', '37', '50', '50', '50'), ('28', '38', '55', '55', '55'),  
('29', '30', '10', '10', '10'), ('29', '31', '15', '15', '15'), ('29', '32', '20', '20', '20'), ('29', '33', '25', '25', '25'), ('29', '34', '30', '30', '30'), ('29', '35', '35', '35', '35'), ('29', '36', '40', '40', '40'), ('29', '37', '45', '45', '45'), ('29', '38', '50', '50', '50'),  
('30', '31', '10', '10', '10'), ('30', '32', '15', '15', '15'), ('30', '33', '20', '20', '20'), ('30', '34', '25', '25', '25'), ('30', '35', '30', '30', '30'), ('30', '36', '35', '35', '35'), ('30', '37', '40', '40', '40'), ('30', '38', '45', '45', '45'),  
('31', '32', '10', '10', '10'), ('31', '33', '15', '15', '15'), ('31', '34', '20', '20', '20'), ('31', '35', '25', '25', '25'), ('31', '36', '30', '30', '30'), ('31', '37', '35', '35', '35'), ('31', '38', '40', '40', '40'),  
('32', '33', '10', '10', '10'), ('32', '34', '15', '15', '15'), ('32', '35', '20', '20', '20'), ('32', '36', '25', '25', '25'), ('32', '37', '30', '30', '30'), ('32', '38', '35', '35', '35'),  
('33', '34', '10', '10', '10'), ('33', '35', '15', '15', '15'), ('33', '36', '20', '20', '20'), ('33', '37', '25', '25', '25'), ('33', '38', '30', '30', '30'),  
('34', '35', '10', '10', '10'), ('34', '36', '15', '15', '15'), ('34', '37', '20', '20', '20'), ('34', '38', '25', '25', '25'),  
('35', '36', '10', '10', '10'), ('35', '37', '15', '15', '15'), ('35', '38', '20', '20', '20'),  
('36', '37', '10', '10', '10'), ('36', '38', '15', '15', '15'),  
('37', '38', '10', '10', '10'),  
('38', '37', '10', '10', '10'), ('38', '36', '15', '15', '15'), ('38', '35', '20', '20', '20'), ('38', '34', '25', '25', '25'), ('38', '33', '30', '30', '30'), ('38', '32', '35', '35', '35'), ('38', '31', '40', '40', '40'), ('38', '30', '45', '45', '45'), ('38', '29', '50', '50', '50'), ('38', '28', '55', '55', '55'), ('38', '27', '60', '60', '60'), ('38', '26', '65', '65', '65'), ('38', '25', '70', '70', '70'),  
('37', '36', '10', '10', '10'), ('37', '35', '15', '15', '15'), ('37', '34', '20', '20', '20'), ('37', '33', '25', '25', '25'), ('37', '32', '30', '30', '30'), ('37', '31', '35', '35', '35'), ('37', '30', '40', '40', '40'), ('37', '29', '45', '45', '45'), ('37', '28', '50', '50', '50'), ('37', '27', '55', '55', '55'), ('37', '26', '60', '60', '60'), ('37', '25', '65', '65', '65'),  
('36', '35', '10', '10', '10'), ('36', '34', '15', '15', '15'), ('36', '33', '20', '20', '20'), ('36', '32', '25', '25', '25'), ('36', '31', '30', '30', '30'), ('36', '30', '35', '35', '35'), ('36', '29', '40', '40', '40'), ('36', '28', '45', '45', '45'), ('36', '27', '50', '50', '50'), ('36', '26', '55', '55', '55'), ('36', '25', '60', '60', '60'),  
('35', '34', '10', '10', '10'), ('35', '33', '15', '15', '15'), ('35', '32', '20', '20', '20'), ('35', '31', '25', '25', '25'), ('35', '30', '30', '30', '30'), ('35', '29', '35', '35', '35'), ('35', '28', '40', '40', '40'), ('35', '27', '45', '45', '45'), ('35', '26', '50', '50', '50'), ('35', '25', '55', '55', '55'),  
('34', '33', '10', '10', '10'), ('34', '32', '15', '15', '15'), ('34', '31', '20', '20', '20'), ('34', '30', '25', '25', '25'), ('34', '29', '30', '30', '30'), ('34', '28', '35', '35', '35'), ('34', '27', '40', '40', '40'), ('34', '26', '45', '45', '45'), ('34', '25', '50', '50', '50'),  
('33', '32', '10', '10', '10'), ('33', '31', '15', '15', '15'), ('33', '30', '20', '20', '20'), ('33', '29', '25', '25', '25'), ('33', '28', '30', '30', '30'), ('33', '27', '35', '35', '35'), ('33', '26', '40', '40', '40'), ('33', '25', '45', '45', '45'),  
('32', '31', '10', '10', '10'), ('32', '30', '15', '15', '15'), ('32', '29', '20', '20', '20'), ('32', '28', '25', '25', '25'), ('32', '27', '30', '30', '30'), ('32', '26', '35', '35', '35'), ('32', '25', '40', '40', '40'),  
('31', '30', '10', '10', '10'), ('31', '29', '15', '15', '15'), ('31', '28', '20', '20', '20'), ('31', '27', '25', '25', '25'), ('31', '26', '30', '30', '30'), ('31', '25', '35', '35', '35'),  
('30', '29', '10', '10', '10'), ('30', '28', '15', '15', '15'), ('30', '27', '20', '20', '20'), ('30', '26', '25', '25', '25'), ('30', '25', '30', '30', '30'),  
('29', '28', '10', '10', '10'), ('29', '27', '15', '15', '15'), ('29', '26', '20', '20', '20'), ('29', '25', '25', '25', '25'),  
('28', '27', '10', '10', '10'), ('28', '26', '15', '15', '15'), ('28', '25', '20', '20', '20'),  
('27', '26', '10', '10', '10'), ('27', '25', '15', '15', '15'),  
('26', '25', '10', '10', '10');
 

-- Stop_routes Apizaco - Tlaxcala - Expresso 
INSERT INTO `stop_routes` (`stop_id_from`, `stop_id_to`, `distance`, `time`, `price`) VALUES 
('39', '29', '10', '10', '10'), ('39', '40', '15', '15', '15'), ('39', '41', '20', '20', '20'), ('39', '42', '25', '25', '25'), ('39', '15', '30', '30', '30'), ('39', '14', '35', '35', '35'), ('39', '43', '40', '40', '40'), ('39', '44', '45', '45', '45'), ('39', '45', '50', '50', '50'), ('39', '46', '55', '55', '55'), ('39', '47', '60', '60', '60'), ('39', '48', '65', '65', '65'), ('39', '49', '70', '70', '70'), ('39', '50', '75', '75', '75'),  
('29', '40', '10', '10', '10'), ('29', '41', '15', '15', '15'), ('29', '42', '20', '20', '20'), ('29', '15', '25', '25', '25'), ('29', '14', '30', '30', '30'), ('29', '43', '35', '35', '35'), ('29', '44', '40', '40', '40'), ('29', '45', '45', '45', '45'), ('29', '46', '50', '50', '50'), ('29', '47', '55', '55', '55'), ('29', '48', '60', '60', '60'), ('29', '49', '65', '65', '65'), ('29', '50', '70', '70', '70'),  
('40', '41', '10', '10', '10'), ('40', '42', '15', '15', '15'), ('40', '15', '20', '20', '20'), ('40', '14', '25', '25', '25'), ('40', '43', '30', '30', '30'), ('40', '44', '35', '35', '35'), ('40', '45', '40', '40', '40'), ('40', '46', '45', '45', '45'), ('40', '47', '50', '50', '50'), ('40', '48', '55', '55', '55'), ('40', '49', '60', '60', '60'), ('40', '50', '65', '65', '65'),  
('41', '42', '10', '10', '10'), ('41', '15', '15', '15', '15'), ('41', '14', '20', '20', '20'), ('41', '43', '25', '25', '25'), ('41', '44', '30', '30', '30'), ('41', '45', '35', '35', '35'), ('41', '46', '40', '40', '40'), ('41', '47', '45', '45', '45'), ('41', '48', '50', '50', '50'), ('41', '49', '55', '55', '55'), ('41', '50', '60', '60', '60'),  
('42', '15', '10', '10', '10'), ('42', '14', '15', '15', '15'), ('42', '43', '20', '20', '20'), ('42', '44', '25', '25', '25'), ('42', '45', '30', '30', '30'), ('42', '46', '35', '35', '35'), ('42', '47', '40', '40', '40'), ('42', '48', '45', '45', '45'), ('42', '49', '50', '50', '50'), ('42', '50', '55', '55', '55'),  
('15', '14', '10', '10', '10'), ('15', '43', '15', '15', '15'), ('15', '44', '20', '20', '20'), ('15', '45', '25', '25', '25'), ('15', '46', '30', '30', '30'), ('15', '47', '35', '35', '35'), ('15', '48', '40', '40', '40'), ('15', '49', '45', '45', '45'), ('15', '50', '50', '50', '50'),  
('14', '43', '10', '10', '10'), ('14', '44', '15', '15', '15'), ('14', '45', '20', '20', '20'), ('14', '46', '25', '25', '25'), ('14', '47', '30', '30', '30'), ('14', '48', '35', '35', '35'), ('14', '49', '40', '40', '40'), ('14', '50', '45', '45', '45'),  
('43', '44', '10', '10', '10'), ('43', '45', '15', '15', '15'), ('43', '46', '20', '20', '20'), ('43', '47', '25', '25', '25'), ('43', '48', '30', '30', '30'), ('43', '49', '35', '35', '35'), ('43', '50', '40', '40', '40'),  
('44', '45', '10', '10', '10'), ('44', '46', '15', '15', '15'), ('44', '47', '20', '20', '20'), ('44', '48', '25', '25', '25'), ('44', '49', '30', '30', '30'), ('44', '50', '35', '35', '35'),  
('45', '46', '10', '10', '10'), ('45', '47', '15', '15', '15'), ('45', '48', '20', '20', '20'), ('45', '49', '25', '25', '25'), ('45', '50', '30', '30', '30'),  
('46', '47', '10', '10', '10'), ('46', '48', '15', '15', '15'), ('46', '49', '20', '20', '20'), ('46', '50', '25', '25', '25'),  
('47', '48', '10', '10', '10'), ('47', '49', '15', '15', '15'), ('47', '50', '20', '20', '20'),  
('48', '49', '10', '10', '10'), ('48', '50', '15', '15', '15'),  
('49', '50', '10', '10', '10'),
('37', '36', '10', '10', '10'), ('37', '35', '15', '15', '15'), ('37', '34', '20', '20', '20'), ('37', '33', '25', '25', '25'), ('37', '32', '30', '30', '30'), ('37', '31', '35', '35', '35'), ('37', '30', '40', '40', '40'), ('37', '29', '45', '45', '45'), ('37', '28', '50', '50', '50'), ('37', '27', '55', '55', '55'), ('37', '26', '60', '60', '60'), ('37', '25', '65', '65', '65'),  
('36', '35', '10', '10', '10'), ('36', '34', '15', '15', '15'), ('36', '33', '20', '20', '20'), ('36', '32', '25', '25', '25'), ('36', '31', '30', '30', '30'), ('36', '30', '35', '35', '35'), ('36', '29', '40', '40', '40'), ('36', '28', '45', '45', '45'), ('36', '27', '50', '50', '50'), ('36', '26', '55', '55', '55'), ('36', '25', '60', '60', '60'),  
('35', '34', '10', '10', '10'), ('35', '33', '15', '15', '15'), ('35', '32', '20', '20', '20'), ('35', '31', '25', '25', '25'), ('35', '30', '30', '30', '30'), ('35', '29', '35', '35', '35'), ('35', '28', '40', '40', '40'), ('35', '27', '45', '45', '45'), ('35', '26', '50', '50', '50'), ('35', '25', '55', '55', '55'),  
('34', '33', '10', '10', '10'), ('34', '32', '15', '15', '15'), ('34', '31', '20', '20', '20'), ('34', '30', '25', '25', '25'), ('34', '29', '30', '30', '30'), ('34', '28', '35', '35', '35'), ('34', '27', '40', '40', '40'), ('34', '26', '45', '45', '45'), ('34', '25', '50', '50', '50'),  
('33', '32', '10', '10', '10'), ('33', '31', '15', '15', '15'), ('33', '30', '20', '20', '20'), ('33', '29', '25', '25', '25'), ('33', '28', '30', '30', '30'), ('33', '27', '35', '35', '35'), ('33', '26', '40', '40', '40'), ('33', '25', '45', '45', '45'),  
('32', '31', '10', '10', '10'), ('32', '30', '15', '15', '15'), ('32', '29', '20', '20', '20'), ('32', '28', '25', '25', '25'), ('32', '27', '30', '30', '30'), ('32', '26', '35', '35', '35'), ('32', '25', '40', '40', '40'),  
('31', '30', '10', '10', '10'), ('31', '29', '15', '15', '15'), ('31', '28', '20', '20', '20'), ('31', '27', '25', '25', '25'), ('31', '26', '30', '30', '30'), ('31', '25', '35', '35', '35'),  
('30', '29', '10', '10', '10'), ('30', '28', '15', '15', '15'), ('30', '27', '20', '20', '20'), ('30', '26', '25', '25', '25'), ('30', '25', '30', '30', '30'),  
('29', '28', '10', '10', '10'), ('29', '27', '15', '15', '15'), ('29', '26', '20', '20', '20'), ('29', '25', '25', '25', '25'),  
('28', '27', '10', '10', '10'), ('28', '26', '15', '15', '15'), ('28', '25', '20', '20', '20'),  
('27', '26', '10', '10', '10'), ('27', '25', '15', '15', '15'),  
('26', '25', '10', '10', '10');

-- Stop_routes Apizaco - Tlaxcala - Atha
INSERT INTO `stop_routes` (`stop_id_from`, `stop_id_to`, `distance`, `time`, `price`) VALUES 
('18', '41', '10', '10', '10'), ('18', '42', '15', '15', '15'), ('18', '15', '20', '20', '20'), ('18', '14', '25', '25', '25'), ('18', '43', '30', '30', '30'), ('18', '44', '35', '35', '35'), ('18', '45', '40', '40', '40'), ('18', '46', '45', '45', '45'), ('18', '47', '50', '50', '50'), ('18', '48', '55', '55', '55'), ('18', '49', '60', '60', '60'), ('18', '50', '65', '65', '65'),  
('41', '42', '10', '10', '10'), ('41', '15', '15', '15', '15'), ('41', '14', '20', '20', '20'), ('41', '43', '25', '25', '25'), ('41', '44', '30', '30', '30'), ('41', '45', '35', '35', '35'), ('41', '46', '40', '40', '40'), ('41', '47', '45', '45', '45'), ('41', '48', '50', '50', '50'), ('41', '49', '55', '55', '55'), ('41', '50', '60', '60', '60'),  
('42', '15', '10', '10', '10'), ('42', '14', '15', '15', '15'), ('42', '43', '20', '20', '20'), ('42', '44', '25', '25', '25'), ('42', '45', '30', '30', '30'), ('42', '46', '35', '35', '35'), ('42', '47', '40', '40', '40'), ('42', '48', '45', '45', '45'), ('42', '49', '50', '50', '50'), ('42', '50', '55', '55', '55'),  
('15', '14', '10', '10', '10'), ('15', '43', '15', '15', '15'), ('15', '44', '20', '20', '20'), ('15', '45', '25', '25', '25'), ('15', '46', '30', '30', '30'), ('15', '47', '35', '35', '35'), ('15', '48', '40', '40', '40'), ('15', '49', '45', '45', '45'), ('15', '50', '50', '50', '50'),  
('14', '43', '10', '10', '10'), ('14', '44', '15', '15', '15'), ('14', '45', '20', '20', '20'), ('14', '46', '25', '25', '25'), ('14', '47', '30', '30', '30'), ('14', '48', '35', '35', '35'), ('14', '49', '40', '40', '40'), ('14', '50', '45', '45', '45'),  
('43', '44', '10', '10', '10'), ('43', '45', '15', '15', '15'), ('43', '46', '20', '20', '20'), ('43', '47', '25', '25', '25'), ('43', '48', '30', '30', '30'), ('43', '49', '35', '35', '35'), ('43', '50', '40', '40', '40'),  
('44', '45', '10', '10', '10'), ('44', '46', '15', '15', '15'), ('44', '47', '20', '20', '20'), ('44', '48', '25', '25', '25'), ('44', '49', '30', '30', '30'), ('44', '50', '35', '35', '35'),  
('45', '46', '10', '10', '10'), ('45', '47', '15', '15', '15'), ('45', '48', '20', '20', '20'), ('45', '49', '25', '25', '25'), ('45', '50', '30', '30', '30'),  
('46', '47', '10', '10', '10'), ('46', '48', '15', '15', '15'), ('46', '49', '20', '20', '20'), ('46', '50', '25', '25', '25'),  
('47', '48', '10', '10', '10'), ('47', '49', '15', '15', '15'), ('47', '50', '20', '20', '20'),  
('48', '49', '10', '10', '10'), ('48', '50', '15', '15', '15'),  
('49', '50', '10', '10', '10'),
('49', '48', '10', '10', '10'), ('49', '47', '15', '15', '15'), ('49', '46', '20', '20', '20'), ('49', '45', '25', '25', '25'), ('49', '44', '30', '30', '30'), ('49', '43', '35', '35', '35'), ('49', '14', '40', '40', '40'), ('49', '15', '45', '45', '45'), ('49', '42', '50', '50', '50'), ('49', '41', '55', '55', '55'), ('49', '18', '60', '60', '60'),  
('48', '47', '10', '10', '10'), ('48', '46', '15', '15', '15'), ('48', '45', '20', '20', '20'), ('48', '44', '25', '25', '25'), ('48', '43', '30', '30', '30'), ('48', '14', '35', '35', '35'), ('48', '15', '40', '40', '40'), ('48', '42', '45', '45', '45'), ('48', '41', '50', '50', '50'), ('48', '18', '55', '55', '55'),  
('47', '46', '10', '10', '10'), ('47', '45', '15', '15', '15'), ('47', '44', '20', '20', '20'), ('47', '43', '25', '25', '25'), ('47', '14', '30', '30', '30'), ('47', '15', '35', '35', '35'), ('47', '42', '40', '40', '40'), ('47', '41', '45', '45', '45'), ('47', '18', '50', '50', '50'),  
('46', '45', '10', '10', '10'), ('46', '44', '15', '15', '15'), ('46', '43', '20', '20', '20'), ('46', '14', '25', '25', '25'), ('46', '15', '30', '30', '30'), ('46', '42', '35', '35', '35'), ('46', '41', '40', '40', '40'), ('46', '18', '45', '45', '45'),  
('45', '44', '10', '10', '10'), ('45', '43', '15', '15', '15'), ('45', '14', '20', '20', '20'), ('45', '15', '25', '25', '25'), ('45', '42', '30', '30', '30'), ('45', '41', '35', '35', '35'), ('45', '18', '40', '40', '40'),  
('44', '43', '10', '10', '10'), ('44', '14', '15', '15', '15'), ('44', '15', '20', '20', '20'), ('44', '42', '25', '25', '25'), ('44', '41', '30', '30', '30'), ('44', '18', '35', '35', '35'),  
('43', '14', '10', '10', '10'), ('43', '15', '15', '15', '15'), ('43', '42', '20', '20', '20'), ('43', '41', '25', '25', '25'), ('43', '18', '30', '30', '30'),  
('14', '15', '10', '10', '10'), ('14', '42', '15', '15', '15'), ('14', '41', '20', '20', '20'), ('14', '18', '25', '25', '25'),  
('15', '42', '10', '10', '10'), ('15', '41', '15', '15', '15'), ('15', '18', '20', '20', '20'),  
('42', '41', '10', '10', '10'), ('42', '18', '15', '15', '15'),  
('41', '18', '10', '10', '10');


COMMIT;














